Topic,Count,Name,Representation,Representative_Docs
-1,19170,-1_climate_energy_change_emissions,"['climate', 'energy', 'change', 'emissions', 'global', 'ice', 'warming', 'carbon', 'greenhouse', 'temperature']","['The figure shows that overall primary energy demand in 2040 can be kept at today’s level (increasing efficiency), renewable sources can increase their share to about 30% half of which is solar and wind, nuclear increases to about 10% (by growth in Asia), natural gas increases slightly, oil peaks soon, coal declines immediately, fossil fuels will meet about 60% of total demand (down from 82% now).', 'Cumulative anthropogenic (i.e., human-emitted) emissions of CO 2 from fossil fuel use are a major cause of global warming, and give some indication of which countries have contributed most to human-induced climate change.', 'European Science Foundation in a 2007 position paper states: There is now convincing evidence that since the industrial revolution, human activities, resulting in increasing concentrations of greenhouse gases have become a major agent of climate change\xa0... On-going and increased efforts to mitigate climate change through reduction in greenhouse gases are therefore crucial.']"
0,763,0_hurricane_tropical_storm_cyclones,"['hurricane', 'tropical', 'storm', 'cyclones', 'cyclone', 'damage', 'flooding', 'killed', 'flood', 'season']","['The seventh tropical cyclone and third named storm of the annual hurricane season, Chris developed from a tropical wave while roughly midway between Africa and the Lesser Antilles on August 21.', 'It was one of three deadly hurricanes during the 1893 Atlantic hurricane season ; the storm killed an estimated 1,000 -- 2,000 people, mostly from storm surge.', 'The 1925 Florida tropical storm was the deadliest tropical cyclone to impact the United States that did not become a hurricane.']"
1,654,1_scientific_science_warming_scientists,"['scientific', 'science', 'warming', 'scientists', 'global', 'book', 'media', 'climate', 'change', 'journal']","['He has published more than 250 peer-reviewed scientific articles, including several in the scientific journals ""Nature"" and ""Science"""".', 'Despite this scientific consensus on climate change, allegations have been made that scientists and institutions involved in global warming research are part of a global scientific conspiracy or engaged in a manipulative hoax.', 'In their 2010 book ""Merchants of Doubt"", Naomi Oreskes and Erik M. Conway wrote that the Institute was known ""for its persistent questioning of climate science, for its promotion of \'experts\' who have done little, if any, peer-reviewed climate research, and for its sponsorship of a conference in New York City in 2008 alleging that the scientific community\'s work on global warming is fake.']"
2,349,2_solar_photovoltaic_power_thermal,"['solar', 'photovoltaic', 'power', 'thermal', 'panels', 'photovoltaics', 'systems', 'electricity', 'cells', 'heating']","['These cells are assembled into solar panels as part of a photovoltaic system to generate solar power from sunlight.', 'As of July 2012, the largest photovoltaic (PV) power plants in the world are the Agua Caliente Solar Project (USA, 247 MW), Charanka Solar Park (India, 214 MW), Golmud Solar Park (China, 200 MW), Perovo Solar Park (Russia 100 MW), Sarnia Photovoltaic Power Plant (Canada, 97 MW), Brandenburg-Briest Solarpark (Germany 91 MW), Solarpark Finow Tower (Germany 84.7 MW), Montalto di Castro Photovoltaic Power Station (Italy, 84.2 MW), Eggebek Solar Park (Germany 83.6 MW), Senftenberg Solarpark (Germany 82 MW), Finsterwalde Solar Park (Germany, 80.7 MW), Okhotnykovo Solar Park (Russia, 80\xa0MW), Lopburi Solar Farm (Thailand 73.16 MW), Rovigo Photovoltaic Power Plant (Italy, 72 MW), and the Lieberose Photovoltaic Park (Germany, 71.8\xa0MW).', 'J. Sussman, Inc. relies on solar energy to power its factory.']"
3,338,3_elevation_feet_level_sea,"['elevation', 'feet', 'level', 'sea', 'ft', 'lies', 'meters', 'metres', 'highest', 'altitude']","['The elevation of the village is 4 m below sea level.', 'It has an elevation of 495 feet (151 m) above sea level.', 'Its elevation is over 1720 feet above sea level.']"
4,317,4_deforestation_forest_forests_trees,"['deforestation', 'forest', 'forests', 'trees', 'reforestation', 'carbon', 'land', 'cover', 'forestry', 'tropical']","[""The underlying idea is that developing nations should be financially compensated if they succeed in reducing their levels of deforestation (through valuing the carbon that is stored in forests); a concept termed 'avoided deforestation (AD) or, REDD if broadened to include reducing forest degradation (see Reducing emissions from deforestation and forest degradation)."", 'Deforestation, clearance, clearcutting or clearing is the removal of a forest or stand of trees from land which is then converted to a non-forest use.', 'Then deforestation rates accelerate (HFHD, high forest cover – high deforestation rate), and forest cover is reduced (LFHD, low forest cover – high deforestation rate), before the deforestation rate slows (LFLD, low forest cover – low deforestation rate), after which forest cover stabilizes and eventually starts recovering.']"
5,286,5_population_growth_rate_birth,"['population', 'growth', 'rate', 'birth', 'billion', 'rates', 'great', 'urban', 'overpopulation', 'economic']","['Over the last few decades, global population growth has largely been driven by developing countries, which often have higher birth rates (higher fertility rate) than developed countries.', 'The annual population growth rate increased by 0.3 % in 2007.', 'The natural population growth rate is 5.87 %.']"
6,263,6_coal_mining_ash_tonnes,"['coal', 'mining', 'ash', 'tonnes', 'fired', 'reserves', 'burned', 'burning', 'gas', 'power']","['As well as mining coal in China, the country also imports coal to burn for coal-fired electricity.', 'In its purification, coal is crushed in a coal preparation plant and then separated and transported as a coal slurry, From the slurry, incombustible materials are removed and the coal can be sized.', 'Least favored is coal, with about one in three Americans favouring it.']"
7,261,7_warmest_temperature_record_temperatures,"['warmest', 'temperature', 'record', 'temperatures', 'average', 'month', 'recorded', 'records', 'hottest', 'summer']","['The warmest year on record is 2012, with a mean temperature of 57.4\xa0°F (14.1\xa0°C).', 'The warmest month is July when the average temperature is 30 ° C, and the coldest is January, with 1 ° C. Average annual rainfall is 211 mm.', ""A paper on Greenland's temperature record shows that the warmest year on record was 1941 while the warmest decades were the 1930s and 1940s.""]"
8,260,8_ended_event_season_began,"['ended', 'event', 'season', 'began', 'took', 'place', '22', 'started', '2013', '2009']","['The season began on January 31 and ended on December 7.', 'The season started on 22 August 2016 and ended on 16 April 2017.', 'The season began on 6 August 2016 and ended on 31 May 2017.']"
9,251,9_volcanic_eruption_eruptions_volcano,"['volcanic', 'eruption', 'eruptions', 'volcano', 'volcanoes', 'lava', 'flows', 'volcanism', 'rock', 'formed']","['Both were explosive eruptions with a Volcanic Explosivity Index of at least 5.', 'Eldgjá and the Katla volcano are part of the same volcanic system in the south of the country.', 'All of the eruptions listed below have produced at least 1000 km3 of lava and tephra ; for explosive eruptions, this corresponds to a Volcanic Explosivity Index (or VEI) of 8.']"
10,248,10_rainfall_desert_precipitation_climates,"['rainfall', 'desert', 'precipitation', 'climates', 'humid', 'subtropical', 'temperate', 'mm', 'monsoon', 'dry']","['Normally, in the northern hemisphere, the northern portions of the temperate zone feature Boreal, Continental, and Oceanic climates, while the southern portions of the temperate zone are often Mediterranean and humid subtropical climates.', 'Humid Subtropical climates generally have long, hot and humid summers with convective showers in summer and a peak seasonal rainfall in the hottest months.', 'Mediterranean Climates, opposite to the humid subtropical and monsoonal climates, have a dry summer, with rainfall in the winter and cooler months.']"
11,248,11_ocean_acidification_oceans_marine,"['ocean', 'acidification', 'oceans', 'marine', 'overfishing', 'acid', 'plastic', 'fish', 'dioxide', 'dissolved']","['Ocean acidification can also have affects on marine fish larvae.', 'Carbon dioxide also causes ocean acidification because it dissolves in water to form carbonic acid.', ""Ocean acidification is the increase in the acidity of the Earth's oceans caused by the uptake of carbon dioxide () from the atmosphere.""]"
12,247,12_coral_reefs_bleaching_reef,"['coral', 'reefs', 'bleaching', 'reef', 'corals', 'depths', '1998', 'temperatures', 'marine', 'stress']","['Mass ejections are known as coral bleaching because the algae contribute to coral coloration; some colors, however, are due to host coral pigments, such as green fluorescent proteins (GFPs).', 'There are a few ways to tell the impacts of coral bleaching on reefs.', 'An atoll lagoon is a circular coral reef, or a number of coral islands that surround a lagoon.']"
13,227,13_carbon_price_tax_trading,"['carbon', 'price', 'tax', 'trading', 'cap', 'emissions', 'pricing', 'market', 'scheme', 'taxes']","['It specifies that countries could use either emissions trading or carbon taxes to price carbon.', 'The optimal carbon price, or optimal carbon tax, is the market price (or carbon tax) on carbon emissions that balances the incremental costs of reducing carbon emissions with the incremental benefits of reducing climate damages.', 'A pure carbon tax fixes the price of carbon, but allows the amount of carbon emissions to vary; and a pure carbon cap places a limit on carbon emissions, letting the market price of tradable carbon allowances vary.']"
14,226,14_conference_nations_parties_framework,"['conference', 'nations', 'parties', 'framework', 'agreement', 'commitments', 'change', 'countries', 'binding', 'climate']","['This was done as a prelude for the United Nations Climate Change Conference (a.k.a.', ""The 2013 United Nations Climate Change Conference was the 19th yearly session of the Conference of the Parties (COP) to the 1992 United Nations Framework Convention on Climate Change (UNFCCC) and the 9th session of the Meeting of the Parties (CMP) to the 1997 Kyoto Protocol (the protocol having been developed under the UNFCCC's charter)."", ""The 2012 United Nations Climate Change Conference was the 18th yearly session of the Conference of the Parties (COP) to the 1992 United Nations Framework Convention on Climate Change (UNFCCC) and the 8th session of the Meeting of the Parties (CMP) to the 1997 Kyoto Protocol (the protocol having been developed under the UNFCCC 's charter).""]"
15,223,15_nuclear_power_disaster_accident,"['nuclear', 'power', 'disaster', 'accident', 'weapons', 'accidents', 'radiation', 'radioactive', '1986', 'contamination']","['These anti-nuclear concerns related to nuclear accidents, nuclear proliferation, nuclear terrorism and radioactive waste disposal.', 'For some countries, nuclear power affords energy independence.', 'Other concerns include nuclear proliferation, the high cost of nuclear power plants, and nuclear terrorism.']"
16,211,16_species_threatened_endangered_habitat,"['species', 'threatened', 'endangered', 'habitat', 'listed', 'critically', 'conservation', 'concern', 'loss', 'considered']","['It is a critically endangered species, threatened by habitat loss.', 'It is a critically endangered species threatened by habitat loss.', 'It is an endangered species threatened by habitat loss.']"
17,203,17_weather_sensitivity_forcing_models,"['weather', 'sensitivity', 'forcing', 'models', 'forcings', 'feedback', 'climate', 'meteorology', 'radiative', 'feedbacks']","[""The climate system is responding to the current climate forcing and adjusts following climate sensitivity to reach a climate equilibrium, Earth 's energy balance."", 'Numerical weather prediction (NWP) uses mathematical models of the atmosphere and oceans to predict the weather based on current weather conditions.', 'A component of climate sensitivity is directly due to radiative forcing, for instance by , and a further contribution arises from climate feedback, both positive and negative.']"
18,203,18_glacial_years_ago_epoch,"['glacial', 'years', 'ago', 'epoch', 'period', 'geological', '000', 'occurred', 'interglacial', 'periods']","['In July 2018, the International Union of Geological Sciences split the Holocene epoch into three distinct subsections, Greenlandian (11,700 years ago to 8,326 years ago), Northgrippian (8,326 years ago to 4,200 years ago) and Meghalayan (4,200 years ago to the present), as proposed by International Commission on Stratigraphy.', 'In the Lunar geologic timescale, the Late Imbrian epoch occurred between 3800 million years ago to about 3200 million years ago.', ""The last glacial period, commonly referred to as the 'Ice Age', spanned 125,000 to 14,500 years ago and was the most recent glacial period within the current ice age which occurred during the last years of the Pleistocene epoch.""]"
19,198,19_wind_turbines_power_farm,"['wind', 'turbines', 'power', 'farm', 'capacity', 'farms', 'electricity', 'offshore', 'installed', 'turbine']","['The Alta Wind Energy Center in California is the largest wind farm in the United States with a capacity of 1,548 MW.', 'The Oklahoma Wind Power Initiative supports the development of wind power in the state.', 'Wind Powering America (WPA) is another DOE initiative that seeks to increase the use of wind energy.']"
20,196,20_cattle_agriculture_farming_livestock,"['cattle', 'agriculture', 'farming', 'livestock', 'land', 'agricultural', 'farmers', 'food', 'production', 'crop']","['The economy is centered on cattle-ranching and pineapple and rice farming.', 'In cyclic agriculture, cattle are grazed on farm land that is resting and rejuvenating.', 'It is also used as grazing land for cattle and other livestock.']"
21,188,21_mitigation_adaptation_climate_change,"['mitigation', 'adaptation', 'climate', 'change', 'risk', 'risks', 'countries', 'engineering', 'effects', 'resilience']","['Effects of global warming (climate change) are expected to impact developing countries more than wealthier countries, as most of them have a high ""climate vulnerability"".', 'Adaptation is especially important in developing countries since those countries are bearing the brunt of the effects of global warming.', 'Another approach to climate change mitigation is climate engineering.']"
22,182,22_named_committee_arctic_station,"['named', 'committee', 'arctic', 'station', 'photos', 'survey', 'research', 'program', 'working', 'states']","['Named by Advisory Committee on Antarctic Names (US-ACAN) for Thomas L. Pavlak, United States Antarctic Research Program (USARP) glaciologist at South Pole Station, 1962-63.', 'It was named by the Advisory Committee on Antarctic Names for Allen R. Crooker, a United States Antarctic Research Program biologist at Palmer Station in 1972.', 'Named by Advisory Committee on Antarctic Names (US-ACAN) for Lauren A. Schroeder, United States Antarctic Research Program (USARP) biologist at McMurdo Station, 1967-68.']"
23,181,23_pollution_air_deaths_premature,"['pollution', 'air', 'deaths', 'premature', 'particulate', 'health', 'exposure', 'matter', 'particulates', 'cancer']","['In 2010, air pollution caused 1.2 million premature deaths in China.', 'In 2008 the World Health Organization (WHO) and other organizations calculated that coal particulates pollution cause approximately one million deaths annually across the world, which is approximately one third of all premature deaths related to all air pollution sources, for example in Istanbul by lung diseases and cancer.', 'In 2012, air pollution caused premature deaths on average of 1 year in Europe, and was a significant risk factor for a number of pollution-related diseases, including respiratory infections, heart disease, COPD, stroke and lung cancer.']"
24,179,24_oil_reserves_production_peak,"['oil', 'reserves', 'production', 'peak', 'shale', 'petroleum', 'cubic', 'proven', 'gas', 'field']","['Oil extraction is simply the removal of oil from the reservoir (oil pool).', 'The peak of oil discoveries was in 1965, and oil production per year has surpassed oil discoveries every year since 1980.', ""All of Hubbert's analyses of peak oil specifically excluded oil manufactured from oil shale or mined from oil sands.""]"
25,176,25_star_sun_stars_light,"['star', 'sun', 'stars', 'light', 'type', 'luminosity', 'times', 'outer', 'mass', 'sequence']","[""This star has 5.3 times the mass of the Sun and is radiating around 1,047 times the Sun 's luminosity."", 'At this heat, the star has the golden-hued glow of a G-type star.', 'This star has about 1.94 times the mass of the Sun.']"
26,175,26_rise_sea_level_tide,"['rise', 'sea', 'level', 'tide', 'levels', 'mm', 'ice', 'coastal', 'yr', 'cm']","['This new source of ice volume flows down from above sea level, displacing sea water and so contributing to sea level rise.', 'In the future, sea level rise may threaten to submerge the nation entirely as it is estimated that a sea level rise of in the next 100 years could make Tuvalu uninhabitable.', '""20th century acceleration in global sea-level rise"".']"
27,172,27_solar_irradiance_radiation_sun,"['solar', 'irradiance', 'radiation', 'sun', 'atmosphere', 'infrared', 'earth', 'vapor', 'greenhouse', 'activity']","[""Total solar irradiance (TSI) – the amount of solar radiation received at the top of Earth's atmosphere – has been measured since 1978 by a series of overlapping NASA and ESA satellite experiments to be 1.365 kilo\u2060watts per square meter (kW/m²)."", 'The Solar Radiation and Climate Experiment/Total Irradiance Measurement (SORCE/TIM) TSI values are lower than prior measurements by the Earth Radiometer Budget Experiment (ERBE) on the Earth Radiation Budget Satellite (ERBS), VIRGO on the Solar Heliospheric Observatory (SoHO) and the ACRIM instruments on the Solar Maximum Mission (SMM), Upper Atmosphere Research Satellite (UARS) and ACRIMSat.', 'Solar irradiance is about 0.9 W/m brighter during solar maximum than during solar minimum, which correlated in measured average global temperature over the period 1959-2004.']"
28,172,28_extinction_species_extinctions_extinct,"['extinction', 'species', 'extinctions', 'extinct', 'event', 'mass', 'human', 'humans', 'occurred', 'years']","['The last such mass extinction led to the demise of the dinosaurs and coincided with a large meteorite impact; this is the Cretaceous–Paleogene extinction event (also known as the K–T or K–Pg extinction event), which occurred 66 million years ago.', 'This can result in extinction at the population level and even extinction of whole species.', 'The Holocene extinction is also known as the ""sixth extinction"", as it is possibly the sixth mass extinction event, after the Ordovician–Silurian extinction events, the Late Devonian extinction, the Permian–Triassic extinction event, the Triassic–Jurassic extinction event, and the Cretaceous–Paleogene extinction event.']"
29,169,29_fish_feed_predators_small,"['fish', 'feed', 'predators', 'small', 'insects', 'prey', 'aquatic', 'species', 'algae', 'birds']","['As the name implies, they are small fish that have skin with a velvet texture.', 'They mostly feed on small aquatic insects and fish.', 'They feed on invertebrates, small fish and fruits.']"
30,167,30_photosynthesis_oxygen_plants_photosynthetic,"['photosynthesis', 'oxygen', 'plants', 'photosynthetic', 'light', 'organisms', 'respiration', 'dioxide', 'carbon', 'fixation']","['Since water is used as the electron donor in oxygenic photosynthesis, the equation for this process is:', 'Plants and other photoautotrophs use solar energy to produce carbohydrate from atmospheric carbon dioxide and water by photosynthesis.', 'Through the process of photosynthesis, plants capture energy from light and use it to combine carbon dioxide and water to produce carbohydrates and oxygen.']"
31,164,31_orbit_eccentricity_days_orbits,"['orbit', 'eccentricity', 'days', 'orbits', 'distance', 'orbital', 'inclination', 'ecliptic', 'minutes', 'planets']","['Its orbit has an eccentricity of 0.05 and an inclination of 9 ° with respect to the ecliptic.', 'Its orbit has an eccentricity of 0.09 and an inclination of 5 ° with respect to the ecliptic.', 'Its orbit has an eccentricity of 0.09 and an inclination of 9° with respect to the ecliptic.']"
32,158,32_preserves_dating_fossils_period,"['preserves', 'dating', 'fossils', 'period', 'late', 'deposits', 'rocks', 'stage', 'identify', 'extinction']","['It preserves fossils dating back to the Neogene period.', 'It preserves fossils dating back to the Ordovician period.', 'It preserves fossils dating back to the Carboniferous period.']"
33,149,33_cloud_clouds_precipitation_condensation,"['cloud', 'clouds', 'precipitation', 'condensation', 'cosmic', 'droplets', 'rain', 'rays', 'albedo', 'liquid']","['DMS is oxidized to form sulfate which, in areas where ambient aerosol particle concentrations are low, can contribute to the population of cloud condensation nuclei, mostly leading to increased cloud cover and cloud albedo according to the so-called CLAW Hypothesis.', 'Cloud droplets form onto pre-existing aerosol particles, known as cloud condensation nuclei (CCN).', 'Cloud condensation nuclei or CCNs (also known as cloud seeds) are small particles typically 0.2 µm, or 1/100th the size of a cloud droplet on which water vapor condenses.']"
34,149,34_flowers_blooms_fruit_yellow,"['flowers', 'blooms', 'fruit', 'yellow', 'produces', 'white', 'early', 'summer', 'producing', 'spring']","['It blooms from May to October and produces yellow flowers.', 'It blooms from August to September and produces yellow flowers.', 'It blooms from November to February and produces yellow flowers.']"
35,147,35_renewable_energy_technologies_renewables,"['renewable', 'energy', 'technologies', 'renewables', 'electricity', 'power', 'investment', 'supply', 'deployment', 'technological']","[""The IPCC said that if governments were supportive, and the full complement of renewable energy technologies were deployed, renewable energy supply could account for almost 80% of the world's energy use within forty years."", 'Renewable energy has potential in Australia, and the Climate Change Authority is reviewing the 20-percent Renewable Energy Target (RET).', 'EUREC: The Association of European Renewable Energy Research Centres']"
36,146,36_feedback_thermodynamics_positive_law,"['feedback', 'thermodynamics', 'positive', 'law', 'equilibrium', 'second', 'negative', 'systems', 'theory', 'state']","['Relationships contain feedback loops Both negative (damping) and positive (amplifying) feedback are always found in complex systems.', 'This is an example of positive feedback.', 'The second law of thermodynamics is valid only for systems which are near or in equilibrium state.']"
37,144,37_act_clean_air_federal,"['act', 'clean', 'air', 'federal', 'pollution', 'plan', 'standards', 'law', 'agency', 'protection']","['Significant amendments were also enacted to the United States Clean Air Act and Clean Water Act.', 'Clean Air Act"" of 1963', 'The EPA analyzes violators of the Clean Air Act and addresses the violators accordingly.']"
38,143,38_ppm_dioxide_atmospheric_atmosphere,"['ppm', 'dioxide', 'atmospheric', 'atmosphere', 'concentrations', 'carbon', 'concentration', 'greenhouse', 'gases', '280']","['Human activities since the beginning of the Industrial Revolution (around 1750) have produced a 45% increase in the atmospheric concentration of carbon dioxide, from 280 ppm in 1750 to 415 ppm in 2019.', 'During the glacial–interglacial cycles of the past million years, natural processes have varied by approximately 100\xa0ppm (from 180\xa0ppm to 280\xa0ppm) , anthropogenic net emissions of have increased atmospheric concentration by a comparable amount: From 280\xa0ppm (Holocene or pre-industrial ""equilibrium"") to approximately 400\xa0ppm, with 2015–2016 monthly monitoring data of displaying a rising trend above 400\xa0ppm.', 'Atmospheric carbon dioxide has increased from about 280 ppm in 1750 to 383 ppm in 2007 and is increasing at an average rate of 2 ppm pr year.']"
39,143,39_glaciers_glacier_retreat_retreating,"['glaciers', 'glacier', 'retreat', 'retreating', 'retreated', 'mass', 'balance', 'glacial', 'lost', 'rate']","['Glaciologists researching the North Cascades found that all 47 monitored glaciers are receding while four glaciers—Spider Glacier, Lewis Glacier, Milk Lake Glacier and David Glacier—have disappeared completely since 1985.', 'In 2005, the Italian Glacier Commission found that 123 glaciers in Lombardy were retreating.', 'Similarly, of the glaciers in the Italian Alps, only about a third were in retreat in 1980, while by 1999, 89% of these glaciers were retreating.']"
40,143,40_panel_change_assessment_climate,"['panel', 'change', 'assessment', 'climate', 'report', 'reports', 'impacts', 'entitled', 'research', 'global']","['New York City Panel on Climate Change, an advisory panel to the New York City Mayor on climate change modeled on the Intergovernmental Panel on Climate Change (IPCC)', 'Climate change was incorporated in the title of the Intergovernmental Panel on Climate Change (IPCC) and the UN Framework Convention on Climate Change (UNFCCC).', 'Research during this period has been summarized in the Assessment Reports by the Intergovernmental Panel on Climate Change.']"
41,143,41_islands_island_area_land,"['islands', 'island', 'area', 'land', 'small', 'hectares', 'bird', 'located', 'birds', 'group']","['Nowhere is this more evident than atoll islands.', 'Some of the offshore islands here include Great Saint James Island, Little Saint James Island, Bovoni Cay, Patricia Cay, Cas Cay, Rotto Cay, Thatch Cay, Shark Island, and Dog Island.', 'Soteriscus disimilis Rodríguez, 1990 -- Canary Islands : Lanzarote, Lobos Island and Fuerteventura']"
42,141,42_resigned_chairman_announced_president,"['resigned', 'chairman', 'announced', 'president', 'office', 'position', 'election', 'party', 'served', '2002']","['In February 2009 he resigned from DMK and as an MLA.', 'In May 2015 he pleaded guilty and resigned his Assembly seat.', 'He resigned as chief after ten years due to his illness.']"
43,138,43_genetic_selection_evolution_evolutionary,"['genetic', 'selection', 'evolution', 'evolutionary', 'diversity', 'sexual', 'life', 'organisms', 'reproduction', 'natural']","['The smaller the population is, the more likely genetic drift will be a driving force of evolution rather than natural selection.', 'Genetic algorithms are search algorithms, based on the mechanics of natural selection and natural genetics.', 'An evolutionary landscape is a metaphor, a construct used to think about and visualize the processes of evolution (e.g. natural selection and genetic drift) acting on a biological entity (e.g., a gene, protein, population, species).']"
44,126,44_fertilizers_nitrogen_fertilizer_soil,"['fertilizers', 'nitrogen', 'fertilizer', 'soil', 'nutrients', 'organic', 'plant', 'nutrient', 'applied', 'plants']","['Nitrogen fertilizers are made from ammonia (NH), which is sometimes injected into the ground directly.', 'Microbes degrade many fertilizers, e.g., by immobilization or oxidation.', 'NPK fertilizers are three-component fertilizers providing nitrogen, phosphorus, and potassium.']"
45,125,45_water_scarcity_population_access,"['water', 'scarcity', 'population', 'access', 'people', 'live', 'billion', 'fresh', 'resources', 'demand']","['A further 1.6 billion people live in areas experiencing economic water scarcity, where the lack of investment in water or insufficient human capacity make it impossible for authorities to satisfy the demand for water.', 'A further 1.6 billion people live in areas experiencing economic water scarcity, where the lack of investment in water or insufficient human capacity make it impossible for authorities to satisfy the demand for water.', 'Water scarcity is the lack of fresh water resources to meet water demand.']"
46,124,46_university_professor_sciences_director,"['university', 'professor', 'sciences', 'director', 'science', 'member', 'scientist', 'physics', 'center', 'served']","['Laurence E. Peterson is Emeritus Professor of Physics and Director of the Center for Astrophysics and Space Sciences at the University of California, San Diego, California.', 'Phang Siew Moi is the founding director of Institute of Ocean & Earth Science and full professor Institute of Biological Sciences, Faculty of Science, University of Malaya.', 'They include Patrick Moore, former member of Greenpeace but later became a critic of the organisation; Richard Lindzen, professor of meteorology at the Massachusetts Institute of Technology; Patrick Michaels, Research Professor of Environmental Sciences at the University of Virginia; Nigel Calder, editor of ""New Scientist"" from 1962 to 1966; John Christy, professor and director of the Earth System Science Center at University of Alabama; Paul Reiter of the Pasteur Institute; former British Chancellor of the Exchequer Nigel Lawson; and Piers Corbyn, a British weather forecaster.']"
47,124,47_sustainability_sustainable_development_social,"['sustainability', 'sustainable', 'development', 'social', 'movement', 'environmental', 'business', 'environment', 'economics', 'economic']","['motivation; issues), the integration of sustainability in the organisation (i.e.', 'The idea of sustainability as a business opportunity has led to the formation of organizations such as the Sustainability Consortium of the Society for Organizational Learning, the Sustainable Business Institute, and the World Council for Sustainable Development.', 'Sustainability science, like sustainability itself, derives some impetus from the concepts of sustainable development and environmental science.']"
48,120,48_biodiversity_ecosystem_services_management,"['biodiversity', 'ecosystem', 'services', 'management', 'ecosystems', 'ecological', 'ecology', 'species', 'organisms', 'human']","['In 2019, a summary for policymakers of the largest, most comprehensive study to date of biodiversity and ecosystem services was published by the Intergovernmental Science-Policy Platform on Biodiversity and Ecosystem Services.', 'In 2019, a summary for policymakers of the largest, most comprehensive study to date of biodiversity and ecosystem services, the ""Global Assessment Report on Biodiversity and Ecosystem Services"", was published by the Intergovernmental Science-Policy Platform on Biodiversity and Ecosystem Services.', ""The Global Assessment Report on Biodiversity and Ecosystem Services is a report by the United Nations' Intergovernmental Science-Policy Platform on Biodiversity and Ecosystem Services, on the global state of biodiversity.""]"
49,116,49_permafrost_methane_release_melting,"['permafrost', 'methane', 'release', 'melting', 'continuous', 'arctic', 'soil', 'ground', 'frozen', 'soils']","['Furthermore, permafrost melting will eventually cause methane release from melting permafrost peat bogs.', 'Discontinuous permafrost is often further divided into ""extensive discontinuous permafrost"", where permafrost covers between 50 and 90 percent of the landscape and is usually found in areas with mean annual temperatures between , and ""sporadic permafrost"", where permafrost cover is less than 50 percent of the landscape and typically occurs at mean annual temperatures between .', 'Alpine permafrost in the Andes has not been mapped.']"
50,110,50_oscillation_eastern_southern_surface,"['oscillation', 'eastern', 'southern', 'surface', 'events', 'pressure', 'ocean', 'decadal', 'phase', 'warm']","['This component is an oscillation in surface air pressure between the tropical eastern and the western Pacific Ocean waters.', ""It is a phase of 'El Niño–Southern Oscillation' (ENSO), which refers to variations in the temperature of the surface of the tropical eastern Pacific Ocean and in air surface pressure in the tropical western Pacific."", 'La Niña is the positive and cold phase of the El Niño–Southern Oscillation, and is associated with cooler-than-average sea surface temperatures in the central and eastern tropical Pacific Ocean.']"
51,108,51_biofuels_biofuel_biomass_waste,"['biofuels', 'biofuel', 'biomass', 'waste', 'fuel', 'fuels', 'produced', 'derived', 'transport', 'organic']","['Assessing Biofuels"" outlined the wider and interrelated factors that need to be considered when deciding on the relative merits of pursuing one biofuel over another.', 'Biofuels can be produced from plants (i.e.', 'Biofuels are similar to fossil fuels in that biofuels contribute to air pollution.']"
52,108,52_records_recording_record_recorded,"['records', 'recording', 'record', 'recorded', 'released', 'release', 'releasing', '1960s', 'rock', 'signed']","['Records and consisted of hip hop and R&B music.', 'Adults have been recorded from March to September, with most records from August.', 'This record was certified by Guinness World Records.']"
53,108,53_troposphere_stratosphere_air_vapor,"['troposphere', 'stratosphere', 'air', 'vapor', 'cooling', 'altitude', 'height', 'temperature', 'decreases', 'atmosphere']","['All air entering the stratosphere must pass through the tropopause, the temperature minimum that divides the troposphere and stratosphere.', 'Atop the troposphere is the tropopause, which is the border between the troposphere and stratosphere.', 'The border between the troposphere and stratosphere, the tropopause, marks where this temperature inversion begins.']"
54,105,54_disease_diseases_spread_treatment,"['disease', 'diseases', 'spread', 'treatment', 'number', 'health', 'increase', 'risk', 'commonly', 'reported']","['Dengue fever used to be considered a tropical disease, but climate change is causing dengue fever to spread.', ""Dengue is the world's most important vector-borne viral disease."", 'Her research encompasses sexually-transmitted diseases (STDs) such as HIV/AIDS, as well as vector-borne diseases, such as Lyme disease, dengue, and Zika virus and Zika fever.']"
55,104,55_fires_wildfires_burned_contained,"['fires', 'wildfires', 'burned', 'contained', 'started', 'forest', 'drought', 'areas', 'burn', 'broke']","['Many fires near urban areas are caused by arson, and thus the frequency is often much higher than fires would have been prior to human habitation.', 'The Comanche Complex Fires were four fires that burned together in Arvin, California forming the largest fire of the 2011 California wildfire season.', 'Investigators ruled both fires as arson.']"
56,104,56_electricity_consumption_renewable_energy,"['electricity', 'consumption', 'renewable', 'energy', 'total', 'hydropower', 'percent', 'biomass', 'generation', 'world']","[""In 2015 hydropower generated 16.6% of the world's total electricity and 70% of all renewable electricity and is expected to increase about 3.1% each year for the next 25 years."", 'In 2015 hydropower generated 16.6% of the worlds total electricity and 70% of all renewable electricity.', 'In 2015 hydropower generated 16.6% of the worlds total electricity and 70% of all renewable electricity.']"
57,101,57_aerosols_aerosol_particles_black,"['aerosols', 'aerosol', 'particles', 'black', 'forcing', 'absorbing', 'radiation', 'radiative', 'albedo', 'direct']","['Early studies of the effects of aerosols on atmospheric radiative transfer on a global scale assumed a dominantly scattering aerosol with only a small absorbing component, since this appears to be a good representation of naturally occurring aerosols.', 'Aerosol particles of natural origin (such as windblown dust) tend to have a larger radius than human-produced aerosols such as particle pollution.', 'Aerosol science covers generation and removal of aerosols, technological application of aerosols, effects of aerosols on the environment and people, and other topics.']"
58,93,58_carbon_dioxide_capture_storage,"['carbon', 'dioxide', 'capture', 'storage', 'atmosphere', 'sequestration', 'compounds', 'cycle', 'processes', 'removed']","['Carbon sequestration is the process involved in carbon capture and the long-term storage of atmospheric carbon dioxide () and may refer specifically to:', 'Biosequestration is the capture and storage of the atmospheric greenhouse gas carbon dioxide by biological processes.', 'Carbon sequestration is the process involved in carbon capture and the long-term storage of atmospheric carbon dioxide or other forms of carbon to mitigate or defer global warming.']"
59,92,59_geothermal_power_electricity_capacity,"['geothermal', 'power', 'electricity', 'capacity', 'stations', 'heat', 'energy', 'generation', 'heating', 'online']","['In 2010, the United States led the world in geothermal electricity production with 3,086 MW of installed capacity from 77 power stations; the largest group of geothermal power plants in the world is located at The Geysers, a geothermal field in California.', 'Geothermal power is power generated by geothermal energy.', 'It is being exploited for geothermal energy.']"
60,92,60_stage_lived_period_late,"['stage', 'lived', 'period', 'late', 'ago', 'million', 'formation', 'genus', 'fossils', 'remains']","['It lived from 501 to 490 million years ago during the Dresbachian faunal stage of the late Cambrian Period.', 'It lived from 501 to 490 million years ago during the Dresbachian faunal stage of the late Cambrian Period.', 'It lived from 501 to 490 million years ago during the Dresbachian faunal stage of the late Cambrian Period.']"
61,91,61_asteroid_asteroids_diameter_comet,"['asteroid', 'asteroids', 'diameter', 'comet', 'kilometers', 'albedo', 'impact', 'earth', 'magnitude', 'type']","['The Collaborative Asteroid Lightcurve Link assumes a standard albedo for carbonaceous asteroids of 0.057 and calculates a smaller diameter of 34.4 kilometers, based on a weaker absolute magnitude of 11.05.', ""According to the space-based survey carried out by the Japanese Akari satellite and NASA 's NEOWISE mission, the asteroid measures 4.0 and 6.8 kilometers in diameter, and its surface has an albedo of 0.14 and 0.34, respectively, while the Collaborative Asteroid Lightcurve Link assumes a standard albedo for stony asteroids of 0.20 and calculates a diameter of 5.1 kilometers, based on an absolute magnitude of 13.84."", 'The Collaborative Asteroid Lightcurve Link calculates a diameter of 10.5 kilometers, based on an absolute magnitude of 13.6 and an assumed standard albedo for carbonaceous asteroids of 0.057.']"
62,90,62_ice_shelf_glacier_arctic,"['ice', 'shelf', 'glacier', 'arctic', 'sea', 'extent', 'shelves', 'free', 'sheet', 'summer']","['The Matusevich Ice Shelf was a 222\xa0km² ice shelf located in Severnaya Zemlya being fed by some of the largest ice caps on October Revolution Island, the Karpinsky Ice Cap to the south and the Rusanov Ice Cap to the north.', 'Out on the ice, they walk over a thin patch and the ice starts to break.', 'Most of the discharge of the West Antarctic Ice Sheet is via the five major ice streams (faster flowing ice) entering the Ross Ice Shelf, the Rutford Ice Stream entering Ronne-Filchner shelf of the Weddell Sea, and the Thwaites Glacier and Pine Island Glacier entering the Amundsen Ice Shelf.']"
63,88,63_lake_lakes_depth_ft,"['lake', 'lakes', 'depth', 'ft', 'water', 'area', 'great', 'km2', 'level', 'maximum']","['In reality, the lake is more of a lagoon than a lake.', 'Lower Mystic Lake is a meromictic lake, which means that the lake has a deep layer of water that rarely, if ever, mixes with its top waters.', 'It has a drainage area of 700 mi2 consisting of a number of lakes, chief among which are Mari Lake, 19 mi2, Barrier Lake, 55 mi2, and Birch Burntwood Lake, 16 mi2.']"
64,82,64_ocean_circulation_currents_stream,"['ocean', 'circulation', 'currents', 'stream', 'salinity', 'thermohaline', 'density', 'north', 'deep', 'driven']","['The thermohaline circulation is mainly driven by the formation of deep water masses in the North Atlantic and the Southern Ocean caused by differences in temperature and salinity of the water.', 'Deep ocean currents are driven by density and temperature gradients.', 'The thermohaline circulation is a part of the large-scale ocean circulation that is driven by global density gradients created by surface heat and freshwater fluxes.']"
65,82,65_change_climate_migration_impacts,"['change', 'climate', 'migration', 'impacts', 'changes', 'effects', 'term', 'refers', 'induced', 'disasters']","['Global warming and climate change are often used interchangeably.', 'In recent usage, especially in the context of environmental policy, the term ""climate change"" often refers only to changes in modern climate, including the rise in average surface temperature known as global warming.', 'Climate change']"
66,82,66_marshes_habitats_freshwater_rivers,"['marshes', 'habitats', 'freshwater', 'rivers', 'salt', 'wetlands', 'natural', 'lakes', 'plants', 'seas']","['Its natural habitats are rivers, swamps, freshwater marshes, and intermittent freshwater marshes.', 'Its natural habitats are rivers, freshwater marshes, and intermittent freshwater marshes.', 'Its natural habitats are rivers and freshwater marshes.']"
67,82,67_snow_snowfall_heavy_fell,"['snow', 'snowfall', 'heavy', 'fell', 'parts', 'cm', 'northern', 'brought', 'north', 'places']","['Farmington Canyon in Davis County saw the most snow of any place in the storm, with 103 inches (262 cm) of snow.', 'It is a crevasse in which snow can be found well into the summer.', 'Heavy snow showers brought accumulation up to 3\xa0cm in Aberdeenshire, Perth, Kinross and Fife, with some snow showers reaching Glasgow and western parts in the afternoon and evening.']"
68,79,68_drought_droughts_crops_severe,"['drought', 'droughts', 'crops', 'severe', 'rainfall', 'farmers', 'worst', 'region', 'harmful', 'cause']","['For the last few years the region has been suffering from drought.', 'For the next four years the area was struck by drought.', 'In drought it shrinks and becomes desiccated.']"
69,78,69_externalities_economics_green_external,"['externalities', 'economics', 'green', 'external', 'benefit', 'social', 'economy', 'benefits', 'jobs', 'negative']","['Externalities can be either positive or negative.', 'Inframarginal externalities are externalities in which there is no benefit or loss to the marginal consumer.', 'Ecological economics is founded upon the view that the neoclassical economics (NCE) assumption that environmental and community costs and benefits are mutually cancelling ""externalities"" is not warranted.']"
70,74,70_erosion_soil_soils_vegetation,"['erosion', 'soil', 'soils', 'vegetation', 'wind', 'arid', 'material', 'degradation', 'loss', 'rainfall']","['While erosion of soils is a natural process, human activities have increased by 10-40 times the rate at which erosion is occurring globally.', 'sheet erosion, silting, aridification, salinization, urbanization, etc.', 'Splash erosion is generally seen as the first and least severe stage in the soil erosion process, which is followed by sheet erosion, then rill erosion and finally gully erosion (the most severe of the four).']"
71,74,71_calendar_leap_year_starting,"['calendar', 'leap', 'year', 'starting', 'link', 'day', 'apparent', 'diameter', 'total', 'sunlight']","['Year 472 (CDLXXII) was a leap year starting on Saturday (link will display the full calendar) of the Julian calendar.', 'Year 1280 (MCCLXXX) was a leap year starting on Monday (link will display the full calendar) of the Julian calendar.', 'Year 1184 (MCLXXXIV) was a leap year starting on Sunday (link will display the full calendar) of the Julian calendar.']"
72,73,72_degrees_credits_offers_degree,"['degrees', 'credits', 'offers', 'degree', 'programs', 'education', 'academic', 'level', 'course', 'year']","['The university offers degrees in these departments at the B.A. and M.A. levels, as well as two Ph.D. degrees in these fields.', 'It offers over 94 undergraduate degrees, 48 graduate programs, and 6 associate degrees in many different disciplines.', ""The school offers ten associate 's degrees and three bachelor 's degrees.""]"
73,72,73_latitude_located_altitude_metres,"['latitude', 'located', 'altitude', 'metres', 'feet', 'south', '34', 'degrees', 'north', 'equatorial']","['It is located at 0.5 ° North Latitude, 239.7 ° West Longitude and is approximately 311 km across.', 'It is located at latitude 28.9671223 and longitude 79.3747141.', 'It is located at Latitude 28.15285, Longitude 94.12288.']"
74,71,74_rose_points_game_play,"['rose', 'points', 'game', 'play', 'born', 'season', 'played', 'team', '2013', '23']","['Rosa bridgesii is a species of rose known by the common names pygmy rose and Sierran dwarf rose.', 'Rose is a Christian.', 'Rose is now a grandmother of six.']"
75,70,75_heat_steam_heating_used,"['heat', 'steam', 'heating', 'used', 'thermal', 'storage', 'cooling', 'air', 'building', 'buildings']","['Combined heat and power (CHP) plants recover otherwise wasted thermal energy for heating.', 'Combined heat and power (CHP), also known as cogeneration, is the use of a thermal power station to provide both electric power and heat (the latter being used, for example, for district heating purposes).', 'A heat pump is a device that provides heat energy from a source of heat to a destination called a ""heat sink"".']"
76,67,76_road_west_east_south,"['road', 'west', 'east', 'south', 'runs', 'north', 'city', 'mi', 'river', 'miles']","['It is located on the B1084 road which runs east to west.', 'It runs east-west, from St John Street in the east, to Farringdon Road in the west.', 'It is bounded on the west by 231 Street NW, north by the Hawks Ridge neighbourhood, east by 215 Street NW (Winterburn Road), and south by Yellowhead Trail (Highway 16).']"
77,66,77_century_19th_dates_dated,"['century', '19th', 'dates', 'dated', 'middle', '20th', '600', 'period', 'history', 'centuries']","['Palaeographically it has been assigned to the 12th century.', 'Palaeographically it has been assigned to the 12th-century.', 'Palaeographically it has been assigned to the 12th century.']"
78,66,78_limit_limiting_pre_global,"['limit', 'limiting', 'pre', 'global', 'warming', 'industrial', 'agreement', 'levels', 'temperature', 'relative']","['For example, limiting global warming to 1.5\xa0°C relative to pre-industrial levels reduces climate change damages more than a 2\xa0°C limit.', 'For example, limiting global warming to 1\xa0°C relative to pre-industrial levels may help to reduce climate change damages more than a 2\xa0°C limit.', ""The Paris Agreement's long-term temperature goal is to keep the increase in global average temperature to well below 2°C above pre-industrial levels; and to pursue efforts to limit the increase to 1.5°C.""]"
79,61,79_warming_human_likely_observed,"['warming', 'human', 'likely', 'observed', 'global', 'believe', 'activities', 'dominant', 'activity', 'consensus']","['There is a clear human influence on the climate It is extremely likely that human influence has been the dominant cause of observed warming since 1950, with the level of confidence having increased since the fourth report.', 'GHG emissions due to anthropogenic (human) activity are the dominant cause of observed global warming (climate change) since the mid-20th century.', 'The scientific consensus as of 2013[update], as stated in the IPCC Fifth Assessment Report, is that it ""is extremely likely that human influence has been the dominant cause of the observed warming since the mid-20th century"".']"
80,58,80_war_military_intervention_attack,"['war', 'military', 'intervention', 'attack', 'conflict', 'regime', 'operation', 'attempts', 'led', 'weapons']","['The U.S. was in a declared state of war at the time of passage, involved in the conflict at the time referred to as the Great War but generally later referred to as the First World War.', ""The American-English Dictionary defines total war as ``war that is unrestricted in terms of the weapons used, the territory or combatants involved, or the objectives pursued, especially one in which the laws of war are disregarded.''"", ""In a state of ``total war'', the major participants placed their entire economic, industrial, and scientific capabilities at the service of the war effort, erasing the distinction between civilian and military resources.""]"
81,58,81_fight_best_light_known,"['fight', 'best', 'light', 'known', 'mixed', 'night', 'continuous', 'currently', 'moved', 'team']","['A professional mixed martial artist since 2003, Bradley is best known for his four fight stint with the Ultimate Fighting Championship.', 'He competed in the UFC and also had a one fight stint as an alternate for the New York Pitbulls of the International Fight League.', 'He is also a retired mixed martial artist, who is perhaps best known for his four-fight stint in the Light Heavyweight division of the Ultimate Fighting Championship.']"
82,57,82_emissions_percent_1990_aviation,"['emissions', 'percent', '1990', 'aviation', 'aircraft', '2007', 'decreased', 'year', 'intensity', 'emission']","['In the EU, greenhouse gas emissions from aviation increased by 87% between 1990 and 2006.', ""Beyond 2012 if the growth rate were reduced to three percent yearly, carbon emissions in 2030 would be 28 MT, which is 70 percent of the UK's entire carbon emissions budget that year for all sectors of society."", ""The change in emissions from 1990 to 2007 was +52.5 percent, compared to the EU's -3.3 percent.""]"
83,57,83_population_density_square_people,"['population', 'density', 'square', 'people', 'inhabitants', 'km', '000', 'estimated', 'total', 'area']","['The population density was 1,950.0 people per square mile (748.6/km²).', 'Population density : 6,357 people per square mile', 'The population density was 1,699.3 people per square mile (657.2/km²).']"
84,54,84_buildings_restoration_tower_building,"['buildings', 'restoration', 'tower', 'building', 'structures', 'construction', 'structure', 'built', 'town', 'began']","['In the 1990s the historical buildings were extensively restored and numerous new buildings were erected.', 'The house was particularly distinctive for its onion-domed tower near the center of the structure, an unusual placement and topping for such a tower.', 'According to Loew, the archaeological evidence suggests that it took a couple of years before new streets and buildings were built on top of the flattened debris of the former buildings, though there probably were areas of the town which had remained unharmed.']"
85,53,85_hockey_season_ice_play,"['hockey', 'season', 'ice', 'play', 'international', 'level', 'world', 'series', 'second', 'team']","['The 2004–05 Kazakhstan Hockey Championship was the 13th season of the Kazakhstan Hockey Championship, the top level of ice hockey in Kazakhstan.', 'Ice hockey tournaments have been staged at the Universiade since 1962.', 'The 1968-69 Soviet Cup was the 11th edition of the Soviet Cup ice hockey tournament.']"
86,52,86_heat_wave_mortality_deaths,"['heat', 'wave', 'mortality', 'deaths', 'related', '2003', 'people', 'temperatures', 'extreme', 'died']","['The Centers for Disease Control and Prevention notes that it ""is difficult to make valid projections of heat-related illness and death under varying climate change scenarios"" and that ""heat–related deaths are preventable, as evidenced by the decline of all-cause mortality during heat events over the past 35 years"".', 'The 2003 European heat wave killed 22,000–35,000 people, based on normal mortality rates.', ""One piece of their evidence is that in summer 2003, during Europe's big heat wave, there were 70,000 recorded deaths related to the heat.""]"
87,51,87_hotel_rooms_star_tower,"['hotel', 'rooms', 'star', 'tower', 'building', 'story', '11', 'total', 'largest', 'completed']","['The number of hotel rooms owned by Zara Investment is 2131 ; which equals 30 % of the total of 5-star hotel rooms in Jordan, and 26 % of the workforce.', 'Opened in March 2013, the original hotel had 128 rooms ; an expansion was completed in October 2015 with the opening of an additional hotel tower with 109 deluxe rooms and luxury suites increasing hotel accommodations to a total of 237 rooms and suites.', 'The hotel was eight stories tall, and featured 153 guest rooms.']"
88,50,88_million_billion_cost_estimated,"['million', 'billion', 'cost', 'estimated', 'budget', 'film', 'dollars', 'total', 'raised', '15']","['686 million (US$ 190 million).', 'The total economic cost of the slide has been estimated to 140 million SEK (15 million EUR, 22 million USD).', 'Both phases is estimated to cost over US$ 130 million.']"
